
[{"firstname":"Stephan0","lastname":"Yu","email":"stephan@itlize.com","location":["Piscataway","Newyork","California"],"phone":"2021231234","address":{"communication":"Itlize, Piscataway, New Jersey","permanent":"Zhejiang, China"},"marks":{"english":"70","science":"80","computers":"90","hardware":"80"}},{"firstname":"Stephan1","lastname":"Yu","email":"stephan@itlize.com","location":["Piscataway","Newyork","California"],"phone":"2021231234","address":{"communication":"Itlize, Piscataway, New Jersey","permanent":"Zhejiang, China"},"marks":{"english":"70","science":"80","computers":"90","hardware":"80"}},{"firstname":"Stephan2","lastname":"Yu","email":"stephan@itlize.com","location":["Piscataway","Newyork","California"],"phone":"2021231234","address":{"communication":"Itlize, Piscataway, New Jersey","permanent":"Zhejiang, China"},"marks":{"english":"70","science":"80","computers":"90","hardware":"80"}},{"firstname":"Stephan3","lastname":"Yu","email":"stephan@itlize.com","location":["Piscataway","Newyork","California"],"phone":"2021231234","address":{"communication":"Itlize, Piscataway, New Jersey","permanent":"Zhejiang, China"},"marks":{"english":"70","science":"80","computers":"90","hardware":"80"}},{"firstname":"Stephan4","lastname":"Yu","email":"stephan@itlize.com","location":["Piscataway","Newyork","California"],"phone":"2021231234","address":{"communication":"Itlize, Piscataway, New Jersey","permanent":"Zhejiang, China"},"marks":{"english":"70","science":"80","computers":"90","hardware":"80"}},{"firstname":"Stephan5","lastname":"Yu","email":"stephan@itlize.com","location":["Piscataway","Newyork","California"],"phone":"2021231234","address":{"communication":"Itlize, Piscataway, New Jersey","permanent":"Zhejiang, China"},"marks":{"english":"70","science":"80","computers":"90","hardware":"80"}},{"firstname":"Stephan6","lastname":"Yu","email":"stephan@itlize.com","location":["Piscataway","Newyork","California"],"phone":"2021231234","address":{"communication":"Itlize, Piscataway, New Jersey","permanent":"Zhejiang, China"},"marks":{"english":"70","science":"80","computers":"90","hardware":"80"}},{"firstname":"Stephan7","lastname":"Yu","email":"stephan@itlize.com","location":["Piscataway","Newyork","California"],"phone":"2021231234","address":{"communication":"Itlize, Piscataway, New Jersey","permanent":"Zhejiang, China"},"marks":{"english":"70","science":"80","computers":"90","hardware":"80"}},{"firstname":"Stephan8","lastname":"Yu","email":"stephan@itlize.com","location":["Piscataway","Newyork","California"],"phone":"2021231234","address":{"communication":"Itlize, Piscataway, New Jersey","permanent":"Zhejiang, China"},"marks":{"english":"70","science":"80","computers":"90","hardware":"80"}},{"firstname":"Stephan9","lastname":"Yu","email":"stephan@itlize.com","location":["Piscataway","Newyork","California"],"phone":"2021231234","address":{"communication":"Itlize, Piscataway, New Jersey","permanent":"Zhejiang, China"},"marks":{"english":"70","science":"80","computers":"90","hardware":"80"}},{"firstname":"Stephan10","lastname":"Yu","email":"stephan@itlize.com","location":["Piscataway","Newyork","California"],"phone":"2021231234","address":{"communication":"Itlize, Piscataway, New Jersey","permanent":"Zhejiang, China"},"marks":{"english":"70","science":"80","computers":"90","hardware":"80"}},{"firstname":"Stephan11","lastname":"Yu","email":"stephan@itlize.com","location":["Piscataway","Newyork","California"],"phone":"2021231234","address":{"communication":"Itlize, Piscataway, New Jersey","permanent":"Zhejiang, China"},"marks":{"english":"70","science":"80","computers":"90","hardware":"80"}},{"firstname":"Stephan12","lastname":"Yu","email":"stephan@itlize.com","location":["Piscataway","Newyork","California"],"phone":"2021231234","address":{"communication":"Itlize, Piscataway, New Jersey","permanent":"Zhejiang, China"},"marks":{"english":"70","science":"80","computers":"90","hardware":"80"}},{"firstname":"Stephan13","lastname":"Yu","email":"stephan@itlize.com","location":["Piscataway","Newyork","California"],"phone":"2021231234","address":{"communication":"Itlize, Piscataway, New Jersey","permanent":"Zhejiang, China"},"marks":{"english":"70","science":"80","computers":"90","hardware":"80"}},{"firstname":"Stephan14","lastname":"Yu","email":"stephan@itlize.com","location":["Piscataway","Newyork","California"],"phone":"2021231234","address":{"communication":"Itlize, Piscataway, New Jersey","permanent":"Zhejiang, China"},"marks":{"english":"70","science":"80","computers":"90","hardware":"80"}},{"firstname":"Stephan15","lastname":"Yu","email":"stephan@itlize.com","location":["Piscataway","Newyork","California"],"phone":"2021231234","address":{"communication":"Itlize, Piscataway, New Jersey","permanent":"Zhejiang, China"},"marks":{"english":"70","science":"80","computers":"90","hardware":"80"}},{"firstname":"Stephan16","lastname":"Yu","email":"stephan@itlize.com","location":["Piscataway","Newyork","California"],"phone":"2021231234","address":{"communication":"Itlize, Piscataway, New Jersey","permanent":"Zhejiang, China"},"marks":{"english":"70","science":"80","computers":"90","hardware":"80"}},{"firstname":"Stephan17","lastname":"Yu","email":"stephan@itlize.com","location":["Piscataway","Newyork","California"],"phone":"2021231234","address":{"communication":"Itlize, Piscataway, New Jersey","permanent":"Zhejiang, China"},"marks":{"english":"70","science":"80","computers":"90","hardware":"80"}},{"firstname":"Stephan18","lastname":"Yu","email":"stephan@itlize.com","location":["Piscataway","Newyork","California"],"phone":"2021231234","address":{"communication":"Itlize, Piscataway, New Jersey","permanent":"Zhejiang, China"},"marks":{"english":"70","science":"80","computers":"90","hardware":"80"}},{"firstname":"Stephan19","lastname":"Yu","email":"stephan@itlize.com","location":["Piscataway","Newyork","California"],"phone":"2021231234","address":{"communication":"Itlize, Piscataway, New Jersey","permanent":"Zhejiang, China"},"marks":{"english":"70","science":"80","computers":"90","hardware":"80"}},{"firstname":"Stephan20","lastname":"Yu","email":"stephan@itlize.com","location":["Piscataway","Newyork","California"],"phone":"2021231234","address":{"communication":"Itlize, Piscataway, New Jersey","permanent":"Zhejiang, China"},"marks":{"english":"70","science":"80","computers":"90","hardware":"80"}},{"firstname":"Stephan21","lastname":"Yu","email":"stephan@itlize.com","location":["Piscataway","Newyork","California"],"phone":"2021231234","address":{"communication":"Itlize, Piscataway, New Jersey","permanent":"Zhejiang, China"},"marks":{"english":"70","science":"80","computers":"90","hardware":"80"}},{"firstname":"Stephan22","lastname":"Yu","email":"stephan@itlize.com","location":["Piscataway","Newyork","California"],"phone":"2021231234","address":{"communication":"Itlize, Piscataway, New Jersey","permanent":"Zhejiang, China"},"marks":{"english":"70","science":"80","computers":"90","hardware":"80"}},{"firstname":"Stephan23","lastname":"Yu","email":"stephan@itlize.com","location":["Piscataway","Newyork","California"],"phone":"2021231234","address":{"communication":"Itlize, Piscataway, New Jersey","permanent":"Zhejiang, China"},"marks":{"english":"70","science":"80","computers":"90","hardware":"80"}},{"firstname":"Stephan24","lastname":"Yu","email":"stephan@itlize.com","location":["Piscataway","Newyork","California"],"phone":"2021231234","address":{"communication":"Itlize, Piscataway, New Jersey","permanent":"Zhejiang, China"},"marks":{"english":"70","science":"80","computers":"90","hardware":"80"}},{"firstname":"Stephan25","lastname":"Yu","email":"stephan@itlize.com","location":["Piscataway","Newyork","California"],"phone":"2021231234","address":{"communication":"Itlize, Piscataway, New Jersey","permanent":"Zhejiang, China"},"marks":{"english":"70","science":"80","computers":"90","hardware":"80"}},{"firstname":"Stephan26","lastname":"Yu","email":"stephan@itlize.com","location":["Piscataway","Newyork","California"],"phone":"2021231234","address":{"communication":"Itlize, Piscataway, New Jersey","permanent":"Zhejiang, China"},"marks":{"english":"70","science":"80","computers":"90","hardware":"80"}},{"firstname":"Stephan27","lastname":"Yu","email":"stephan@itlize.com","location":["Piscataway","Newyork","California"],"phone":"2021231234","address":{"communication":"Itlize, Piscataway, New Jersey","permanent":"Zhejiang, China"},"marks":{"english":"70","science":"80","computers":"90","hardware":"80"}},{"firstname":"Stephan28","lastname":"Yu","email":"stephan@itlize.com","location":["Piscataway","Newyork","California"],"phone":"2021231234","address":{"communication":"Itlize, Piscataway, New Jersey","permanent":"Zhejiang, China"},"marks":{"english":"70","science":"80","computers":"90","hardware":"80"}},{"firstname":"Stephan29","lastname":"Yu","email":"stephan@itlize.com","location":["Piscataway","Newyork","California"],"phone":"2021231234","address":{"communication":"Itlize, Piscataway, New Jersey","permanent":"Zhejiang, China"},"marks":{"english":"70","science":"80","computers":"90","hardware":"80"}},{"firstname":"Stephan30","lastname":"Yu","email":"stephan@itlize.com","location":["Piscataway","Newyork","California"],"phone":"2021231234","address":{"communication":"Itlize, Piscataway, New Jersey","permanent":"Zhejiang, China"},"marks":{"english":"70","science":"80","computers":"90","hardware":"80"}},{"firstname":"Stephan31","lastname":"Yu","email":"stephan@itlize.com","location":["Piscataway","Newyork","California"],"phone":"2021231234","address":{"communication":"Itlize, Piscataway, New Jersey","permanent":"Zhejiang, China"},"marks":{"english":"70","science":"80","computers":"90","hardware":"80"}},{"firstname":"Stephan32","lastname":"Yu","email":"stephan@itlize.com","location":["Piscataway","Newyork","California"],"phone":"2021231234","address":{"communication":"Itlize, Piscataway, New Jersey","permanent":"Zhejiang, China"},"marks":{"english":"70","science":"80","computers":"90","hardware":"80"}},{"firstname":"Stephan33","lastname":"Yu","email":"stephan@itlize.com","location":["Piscataway","Newyork","California"],"phone":"2021231234","address":{"communication":"Itlize, Piscataway, New Jersey","permanent":"Zhejiang, China"},"marks":{"english":"70","science":"80","computers":"90","hardware":"80"}},{"firstname":"Stephan34","lastname":"Yu","email":"stephan@itlize.com","location":["Piscataway","Newyork","California"],"phone":"2021231234","address":{"communication":"Itlize, Piscataway, New Jersey","permanent":"Zhejiang, China"},"marks":{"english":"70","science":"80","computers":"90","hardware":"80"}},{"firstname":"Stephan35","lastname":"Yu","email":"stephan@itlize.com","location":["Piscataway","Newyork","California"],"phone":"2021231234","address":{"communication":"Itlize, Piscataway, New Jersey","permanent":"Zhejiang, China"},"marks":{"english":"70","science":"80","computers":"90","hardware":"80"}},{"firstname":"Stephan36","lastname":"Yu","email":"stephan@itlize.com","location":["Piscataway","Newyork","California"],"phone":"2021231234","address":{"communication":"Itlize, Piscataway, New Jersey","permanent":"Zhejiang, China"},"marks":{"english":"70","science":"80","computers":"90","hardware":"80"}},{"firstname":"Stephan37","lastname":"Yu","email":"stephan@itlize.com","location":["Piscataway","Newyork","California"],"phone":"2021231234","address":{"communication":"Itlize, Piscataway, New Jersey","permanent":"Zhejiang, China"},"marks":{"english":"70","science":"80","computers":"90","hardware":"80"}},{"firstname":"Stephan38","lastname":"Yu","email":"stephan@itlize.com","location":["Piscataway","Newyork","California"],"phone":"2021231234","address":{"communication":"Itlize, Piscataway, New Jersey","permanent":"Zhejiang, China"},"marks":{"english":"70","science":"80","computers":"90","hardware":"80"}},{"firstname":"Stephan39","lastname":"Yu","email":"stephan@itlize.com","location":["Piscataway","Newyork","California"],"phone":"2021231234","address":{"communication":"Itlize, Piscataway, New Jersey","permanent":"Zhejiang, China"},"marks":{"english":"70","science":"80","computers":"90","hardware":"80"}},{"firstname":"Stephan40","lastname":"Yu","email":"stephan@itlize.com","location":["Piscataway","Newyork","California"],"phone":"2021231234","address":{"communication":"Itlize, Piscataway, New Jersey","permanent":"Zhejiang, China"},"marks":{"english":"70","science":"80","computers":"90","hardware":"80"}},{"firstname":"Stephan41","lastname":"Yu","email":"stephan@itlize.com","location":["Piscataway","Newyork","California"],"phone":"2021231234","address":{"communication":"Itlize, Piscataway, New Jersey","permanent":"Zhejiang, China"},"marks":{"english":"70","science":"80","computers":"90","hardware":"80"}},{"firstname":"Stephan42","lastname":"Yu","email":"stephan@itlize.com","location":["Piscataway","Newyork","California"],"phone":"2021231234","address":{"communication":"Itlize, Piscataway, New Jersey","permanent":"Zhejiang, China"},"marks":{"english":"70","science":"80","computers":"90","hardware":"80"}},{"firstname":"Stephan43","lastname":"Yu","email":"stephan@itlize.com","location":["Piscataway","Newyork","California"],"phone":"2021231234","address":{"communication":"Itlize, Piscataway, New Jersey","permanent":"Zhejiang, China"},"marks":{"english":"70","science":"80","computers":"90","hardware":"80"}},{"firstname":"Stephan44","lastname":"Yu","email":"stephan@itlize.com","location":["Piscataway","Newyork","California"],"phone":"2021231234","address":{"communication":"Itlize, Piscataway, New Jersey","permanent":"Zhejiang, China"},"marks":{"english":"70","science":"80","computers":"90","hardware":"80"}},{"firstname":"Stephan45","lastname":"Yu","email":"stephan@itlize.com","location":["Piscataway","Newyork","California"],"phone":"2021231234","address":{"communication":"Itlize, Piscataway, New Jersey","permanent":"Zhejiang, China"},"marks":{"english":"70","science":"80","computers":"90","hardware":"80"}},{"firstname":"Stephan46","lastname":"Yu","email":"stephan@itlize.com","location":["Piscataway","Newyork","California"],"phone":"2021231234","address":{"communication":"Itlize, Piscataway, New Jersey","permanent":"Zhejiang, China"},"marks":{"english":"70","science":"80","computers":"90","hardware":"80"}},{"firstname":"Stephan47","lastname":"Yu","email":"stephan@itlize.com","location":["Piscataway","Newyork","California"],"phone":"2021231234","address":{"communication":"Itlize, Piscataway, New Jersey","permanent":"Zhejiang, China"},"marks":{"english":"70","science":"80","computers":"90","hardware":"80"}},{"firstname":"Stephan48","lastname":"Yu","email":"stephan@itlize.com","location":["Piscataway","Newyork","California"],"phone":"2021231234","address":{"communication":"Itlize, Piscataway, New Jersey","permanent":"Zhejiang, China"},"marks":{"english":"70","science":"80","computers":"90","hardware":"80"}},{"firstname":"Stephan49","lastname":"Yu","email":"stephan@itlize.com","location":["Piscataway","Newyork","California"],"phone":"2021231234","address":{"communication":"Itlize, Piscataway, New Jersey","permanent":"Zhejiang, China"},"marks":{"english":"70","science":"80","computers":"90","hardware":"80"}},{"firstname":"Stephan50","lastname":"Yu","email":"stephan@itlize.com","location":["Piscataway","Newyork","California"],"phone":"2021231234","address":{"communication":"Itlize, Piscataway, New Jersey","permanent":"Zhejiang, China"},"marks":{"english":"70","science":"80","computers":"90","hardware":"80"}},{"firstname":"Stephan51","lastname":"Yu","email":"stephan@itlize.com","location":["Piscataway","Newyork","California"],"phone":"2021231234","address":{"communication":"Itlize, Piscataway, New Jersey","permanent":"Zhejiang, China"},"marks":{"english":"70","science":"80","computers":"90","hardware":"80"}},{"firstname":"Stephan52","lastname":"Yu","email":"stephan@itlize.com","location":["Piscataway","Newyork","California"],"phone":"2021231234","address":{"communication":"Itlize, Piscataway, New Jersey","permanent":"Zhejiang, China"},"marks":{"english":"70","science":"80","computers":"90","hardware":"80"}},{"firstname":"Stephan53","lastname":"Yu","email":"stephan@itlize.com","location":["Piscataway","Newyork","California"],"phone":"2021231234","address":{"communication":"Itlize, Piscataway, New Jersey","permanent":"Zhejiang, China"},"marks":{"english":"70","science":"80","computers":"90","hardware":"80"}},{"firstname":"Stephan54","lastname":"Yu","email":"stephan@itlize.com","location":["Piscataway","Newyork","California"],"phone":"2021231234","address":{"communication":"Itlize, Piscataway, New Jersey","permanent":"Zhejiang, China"},"marks":{"english":"70","science":"80","computers":"90","hardware":"80"}},{"firstname":"Stephan55","lastname":"Yu","email":"stephan@itlize.com","location":["Piscataway","Newyork","California"],"phone":"2021231234","address":{"communication":"Itlize, Piscataway, New Jersey","permanent":"Zhejiang, China"},"marks":{"english":"70","science":"80","computers":"90","hardware":"80"}},{"firstname":"Stephan56","lastname":"Yu","email":"stephan@itlize.com","location":["Piscataway","Newyork","California"],"phone":"2021231234","address":{"communication":"Itlize, Piscataway, New Jersey","permanent":"Zhejiang, China"},"marks":{"english":"70","science":"80","computers":"90","hardware":"80"}},{"firstname":"Stephan57","lastname":"Yu","email":"stephan@itlize.com","location":["Piscataway","Newyork","California"],"phone":"2021231234","address":{"communication":"Itlize, Piscataway, New Jersey","permanent":"Zhejiang, China"},"marks":{"english":"70","science":"80","computers":"90","hardware":"80"}},{"firstname":"Stephan58","lastname":"Yu","email":"stephan@itlize.com","location":["Piscataway","Newyork","California"],"phone":"2021231234","address":{"communication":"Itlize, Piscataway, New Jersey","permanent":"Zhejiang, China"},"marks":{"english":"70","science":"80","computers":"90","hardware":"80"}},{"firstname":"Stephan59","lastname":"Yu","email":"stephan@itlize.com","location":["Piscataway","Newyork","California"],"phone":"2021231234","address":{"communication":"Itlize, Piscataway, New Jersey","permanent":"Zhejiang, China"},"marks":{"english":"70","science":"80","computers":"90","hardware":"80"}},{"firstname":"Stephan60","lastname":"Yu","email":"stephan@itlize.com","location":["Piscataway","Newyork","California"],"phone":"2021231234","address":{"communication":"Itlize, Piscataway, New Jersey","permanent":"Zhejiang, China"},"marks":{"english":"70","science":"80","computers":"90","hardware":"80"}},{"firstname":"Stephan61","lastname":"Yu","email":"stephan@itlize.com","location":["Piscataway","Newyork","California"],"phone":"2021231234","address":{"communication":"Itlize, Piscataway, New Jersey","permanent":"Zhejiang, China"},"marks":{"english":"70","science":"80","computers":"90","hardware":"80"}},{"firstname":"Stephan62","lastname":"Yu","email":"stephan@itlize.com","location":["Piscataway","Newyork","California"],"phone":"2021231234","address":{"communication":"Itlize, Piscataway, New Jersey","permanent":"Zhejiang, China"},"marks":{"english":"70","science":"80","computers":"90","hardware":"80"}},{"firstname":"Stephan63","lastname":"Yu","email":"stephan@itlize.com","location":["Piscataway","Newyork","California"],"phone":"2021231234","address":{"communication":"Itlize, Piscataway, New Jersey","permanent":"Zhejiang, China"},"marks":{"english":"70","science":"80","computers":"90","hardware":"80"}},{"firstname":"Stephan64","lastname":"Yu","email":"stephan@itlize.com","location":["Piscataway","Newyork","California"],"phone":"2021231234","address":{"communication":"Itlize, Piscataway, New Jersey","permanent":"Zhejiang, China"},"marks":{"english":"70","science":"80","computers":"90","hardware":"80"}},{"firstname":"Stephan65","lastname":"Yu","email":"stephan@itlize.com","location":["Piscataway","Newyork","California"],"phone":"2021231234","address":{"communication":"Itlize, Piscataway, New Jersey","permanent":"Zhejiang, China"},"marks":{"english":"70","science":"80","computers":"90","hardware":"80"}},{"firstname":"Stephan66","lastname":"Yu","email":"stephan@itlize.com","location":["Piscataway","Newyork","California"],"phone":"2021231234","address":{"communication":"Itlize, Piscataway, New Jersey","permanent":"Zhejiang, China"},"marks":{"english":"70","science":"80","computers":"90","hardware":"80"}},{"firstname":"Stephan67","lastname":"Yu","email":"stephan@itlize.com","location":["Piscataway","Newyork","California"],"phone":"2021231234","address":{"communication":"Itlize, Piscataway, New Jersey","permanent":"Zhejiang, China"},"marks":{"english":"70","science":"80","computers":"90","hardware":"80"}},{"firstname":"Stephan68","lastname":"Yu","email":"stephan@itlize.com","location":["Piscataway","Newyork","California"],"phone":"2021231234","address":{"communication":"Itlize, Piscataway, New Jersey","permanent":"Zhejiang, China"},"marks":{"english":"70","science":"80","computers":"90","hardware":"80"}},{"firstname":"Stephan69","lastname":"Yu","email":"stephan@itlize.com","location":["Piscataway","Newyork","California"],"phone":"2021231234","address":{"communication":"Itlize, Piscataway, New Jersey","permanent":"Zhejiang, China"},"marks":{"english":"70","science":"80","computers":"90","hardware":"80"}},{"firstname":"Stephan70","lastname":"Yu","email":"stephan@itlize.com","location":["Piscataway","Newyork","California"],"phone":"2021231234","address":{"communication":"Itlize, Piscataway, New Jersey","permanent":"Zhejiang, China"},"marks":{"english":"70","science":"80","computers":"90","hardware":"80"}},{"firstname":"Stephan71","lastname":"Yu","email":"stephan@itlize.com","location":["Piscataway","Newyork","California"],"phone":"2021231234","address":{"communication":"Itlize, Piscataway, New Jersey","permanent":"Zhejiang, China"},"marks":{"english":"70","science":"80","computers":"90","hardware":"80"}},{"firstname":"Stephan72","lastname":"Yu","email":"stephan@itlize.com","location":["Piscataway","Newyork","California"],"phone":"2021231234","address":{"communication":"Itlize, Piscataway, New Jersey","permanent":"Zhejiang, China"},"marks":{"english":"70","science":"80","computers":"90","hardware":"80"}},{"firstname":"Stephan73","lastname":"Yu","email":"stephan@itlize.com","location":["Piscataway","Newyork","California"],"phone":"2021231234","address":{"communication":"Itlize, Piscataway, New Jersey","permanent":"Zhejiang, China"},"marks":{"english":"70","science":"80","computers":"90","hardware":"80"}},{"firstname":"Stephan74","lastname":"Yu","email":"stephan@itlize.com","location":["Piscataway","Newyork","California"],"phone":"2021231234","address":{"communication":"Itlize, Piscataway, New Jersey","permanent":"Zhejiang, China"},"marks":{"english":"70","science":"80","computers":"90","hardware":"80"}},{"firstname":"Stephan75","lastname":"Yu","email":"stephan@itlize.com","location":["Piscataway","Newyork","California"],"phone":"2021231234","address":{"communication":"Itlize, Piscataway, New Jersey","permanent":"Zhejiang, China"},"marks":{"english":"70","science":"80","computers":"90","hardware":"80"}},{"firstname":"Stephan76","lastname":"Yu","email":"stephan@itlize.com","location":["Piscataway","Newyork","California"],"phone":"2021231234","address":{"communication":"Itlize, Piscataway, New Jersey","permanent":"Zhejiang, China"},"marks":{"english":"70","science":"80","computers":"90","hardware":"80"}},{"firstname":"Stephan77","lastname":"Yu","email":"stephan@itlize.com","location":["Piscataway","Newyork","California"],"phone":"2021231234","address":{"communication":"Itlize, Piscataway, New Jersey","permanent":"Zhejiang, China"},"marks":{"english":"70","science":"80","computers":"90","hardware":"80"}},{"firstname":"Stephan78","lastname":"Yu","email":"stephan@itlize.com","location":["Piscataway","Newyork","California"],"phone":"2021231234","address":{"communication":"Itlize, Piscataway, New Jersey","permanent":"Zhejiang, China"},"marks":{"english":"70","science":"80","computers":"90","hardware":"80"}},{"firstname":"Stephan79","lastname":"Yu","email":"stephan@itlize.com","location":["Piscataway","Newyork","California"],"phone":"2021231234","address":{"communication":"Itlize, Piscataway, New Jersey","permanent":"Zhejiang, China"},"marks":{"english":"70","science":"80","computers":"90","hardware":"80"}},{"firstname":"Stephan80","lastname":"Yu","email":"stephan@itlize.com","location":["Piscataway","Newyork","California"],"phone":"2021231234","address":{"communication":"Itlize, Piscataway, New Jersey","permanent":"Zhejiang, China"},"marks":{"english":"70","science":"80","computers":"90","hardware":"80"}},{"firstname":"Stephan81","lastname":"Yu","email":"stephan@itlize.com","location":["Piscataway","Newyork","California"],"phone":"2021231234","address":{"communication":"Itlize, Piscataway, New Jersey","permanent":"Zhejiang, China"},"marks":{"english":"70","science":"80","computers":"90","hardware":"80"}},{"firstname":"Stephan82","lastname":"Yu","email":"stephan@itlize.com","location":["Piscataway","Newyork","California"],"phone":"2021231234","address":{"communication":"Itlize, Piscataway, New Jersey","permanent":"Zhejiang, China"},"marks":{"english":"70","science":"80","computers":"90","hardware":"80"}},{"firstname":"Stephan83","lastname":"Yu","email":"stephan@itlize.com","location":["Piscataway","Newyork","California"],"phone":"2021231234","address":{"communication":"Itlize, Piscataway, New Jersey","permanent":"Zhejiang, China"},"marks":{"english":"70","science":"80","computers":"90","hardware":"80"}},{"firstname":"Stephan84","lastname":"Yu","email":"stephan@itlize.com","location":["Piscataway","Newyork","California"],"phone":"2021231234","address":{"communication":"Itlize, Piscataway, New Jersey","permanent":"Zhejiang, China"},"marks":{"english":"70","science":"80","computers":"90","hardware":"80"}},{"firstname":"Stephan85","lastname":"Yu","email":"stephan@itlize.com","location":["Piscataway","Newyork","California"],"phone":"2021231234","address":{"communication":"Itlize, Piscataway, New Jersey","permanent":"Zhejiang, China"},"marks":{"english":"70","science":"80","computers":"90","hardware":"80"}},{"firstname":"Stephan86","lastname":"Yu","email":"stephan@itlize.com","location":["Piscataway","Newyork","California"],"phone":"2021231234","address":{"communication":"Itlize, Piscataway, New Jersey","permanent":"Zhejiang, China"},"marks":{"english":"70","science":"80","computers":"90","hardware":"80"}},{"firstname":"Stephan87","lastname":"Yu","email":"stephan@itlize.com","location":["Piscataway","Newyork","California"],"phone":"2021231234","address":{"communication":"Itlize, Piscataway, New Jersey","permanent":"Zhejiang, China"},"marks":{"english":"70","science":"80","computers":"90","hardware":"80"}},{"firstname":"Stephan88","lastname":"Yu","email":"stephan@itlize.com","location":["Piscataway","Newyork","California"],"phone":"2021231234","address":{"communication":"Itlize, Piscataway, New Jersey","permanent":"Zhejiang, China"},"marks":{"english":"70","science":"80","computers":"90","hardware":"80"}},{"firstname":"Stephan89","lastname":"Yu","email":"stephan@itlize.com","location":["Piscataway","Newyork","California"],"phone":"2021231234","address":{"communication":"Itlize, Piscataway, New Jersey","permanent":"Zhejiang, China"},"marks":{"english":"70","science":"80","computers":"90","hardware":"80"}},{"firstname":"Stephan90","lastname":"Yu","email":"stephan@itlize.com","location":["Piscataway","Newyork","California"],"phone":"2021231234","address":{"communication":"Itlize, Piscataway, New Jersey","permanent":"Zhejiang, China"},"marks":{"english":"70","science":"80","computers":"90","hardware":"80"}},{"firstname":"Stephan91","lastname":"Yu","email":"stephan@itlize.com","location":["Piscataway","Newyork","California"],"phone":"2021231234","address":{"communication":"Itlize, Piscataway, New Jersey","permanent":"Zhejiang, China"},"marks":{"english":"70","science":"80","computers":"90","hardware":"80"}},{"firstname":"Stephan92","lastname":"Yu","email":"stephan@itlize.com","location":["Piscataway","Newyork","California"],"phone":"2021231234","address":{"communication":"Itlize, Piscataway, New Jersey","permanent":"Zhejiang, China"},"marks":{"english":"70","science":"80","computers":"90","hardware":"80"}},{"firstname":"Stephan93","lastname":"Yu","email":"stephan@itlize.com","location":["Piscataway","Newyork","California"],"phone":"2021231234","address":{"communication":"Itlize, Piscataway, New Jersey","permanent":"Zhejiang, China"},"marks":{"english":"70","science":"80","computers":"90","hardware":"80"}},{"firstname":"Stephan94","lastname":"Yu","email":"stephan@itlize.com","location":["Piscataway","Newyork","California"],"phone":"2021231234","address":{"communication":"Itlize, Piscataway, New Jersey","permanent":"Zhejiang, China"},"marks":{"english":"70","science":"80","computers":"90","hardware":"80"}},{"firstname":"Stephan95","lastname":"Yu","email":"stephan@itlize.com","location":["Piscataway","Newyork","California"],"phone":"2021231234","address":{"communication":"Itlize, Piscataway, New Jersey","permanent":"Zhejiang, China"},"marks":{"english":"70","science":"80","computers":"90","hardware":"80"}},{"firstname":"Stephan96","lastname":"Yu","email":"stephan@itlize.com","location":["Piscataway","Newyork","California"],"phone":"2021231234","address":{"communication":"Itlize, Piscataway, New Jersey","permanent":"Zhejiang, China"},"marks":{"english":"70","science":"80","computers":"90","hardware":"80"}},{"firstname":"Stephan97","lastname":"Yu","email":"stephan@itlize.com","location":["Piscataway","Newyork","California"],"phone":"2021231234","address":{"communication":"Itlize, Piscataway, New Jersey","permanent":"Zhejiang, China"},"marks":{"english":"70","science":"80","computers":"90","hardware":"80"}},{"firstname":"Stephan98","lastname":"Yu","email":"stephan@itlize.com","location":["Piscataway","Newyork","California"],"phone":"2021231234","address":{"communication":"Itlize, Piscataway, New Jersey","permanent":"Zhejiang, China"},"marks":{"english":"70","science":"80","computers":"90","hardware":"80"}},{"firstname":"Stephan99","lastname":"Yu","email":"stephan@itlize.com","location":["Piscataway","Newyork","California"],"phone":"2021231234","address":{"communication":"Itlize, Piscataway, New Jersey","permanent":"Zhejiang, China"},"marks":{"english":"70","science":"80","computers":"90","hardware":"80"}},{"firstname":"Stephan100","lastname":"Yu","email":"stephan@itlize.com","location":["Piscataway","Newyork","California"],"phone":"2021231234","address":{"communication":"Itlize, Piscataway, New Jersey","permanent":"Zhejiang, China"},"marks":{"english":"70","science":"80","computers":"90","hardware":"80"}},{"firstname":"Stephan101","lastname":"Yu","email":"stephan@itlize.com","location":["Piscataway","Newyork","California"],"phone":"2021231234","address":{"communication":"Itlize, Piscataway, New Jersey","permanent":"Zhejiang, China"},"marks":{"english":"70","science":"80","computers":"90","hardware":"80"}},{"firstname":"Stephan102","lastname":"Yu","email":"stephan@itlize.com","location":["Piscataway","Newyork","California"],"phone":"2021231234","address":{"communication":"Itlize, Piscataway, New Jersey","permanent":"Zhejiang, China"},"marks":{"english":"70","science":"80","computers":"90","hardware":"80"}},{"firstname":"Stephan103","lastname":"Yu","email":"stephan@itlize.com","location":["Piscataway","Newyork","California"],"phone":"2021231234","address":{"communication":"Itlize, Piscataway, New Jersey","permanent":"Zhejiang, China"},"marks":{"english":"70","science":"80","computers":"90","hardware":"80"}},{"firstname":"Stephan104","lastname":"Yu","email":"stephan@itlize.com","location":["Piscataway","Newyork","California"],"phone":"2021231234","address":{"communication":"Itlize, Piscataway, New Jersey","permanent":"Zhejiang, China"},"marks":{"english":"70","science":"80","computers":"90","hardware":"80"}},{"firstname":"Stephan105","lastname":"Yu","email":"stephan@itlize.com","location":["Piscataway","Newyork","California"],"phone":"2021231234","address":{"communication":"Itlize, Piscataway, New Jersey","permanent":"Zhejiang, China"},"marks":{"english":"70","science":"80","computers":"90","hardware":"80"}},{"firstname":"Stephan106","lastname":"Yu","email":"stephan@itlize.com","location":["Piscataway","Newyork","California"],"phone":"2021231234","address":{"communication":"Itlize, Piscataway, New Jersey","permanent":"Zhejiang, China"},"marks":{"english":"70","science":"80","computers":"90","hardware":"80"}},{"firstname":"Stephan107","lastname":"Yu","email":"stephan@itlize.com","location":["Piscataway","Newyork","California"],"phone":"2021231234","address":{"communication":"Itlize, Piscataway, New Jersey","permanent":"Zhejiang, China"},"marks":{"english":"70","science":"80","computers":"90","hardware":"80"}},{"firstname":"Stephan108","lastname":"Yu","email":"stephan@itlize.com","location":["Piscataway","Newyork","California"],"phone":"2021231234","address":{"communication":"Itlize, Piscataway, New Jersey","permanent":"Zhejiang, China"},"marks":{"english":"70","science":"80","computers":"90","hardware":"80"}},{"firstname":"Stephan109","lastname":"Yu","email":"stephan@itlize.com","location":["Piscataway","Newyork","California"],"phone":"2021231234","address":{"communication":"Itlize, Piscataway, New Jersey","permanent":"Zhejiang, China"},"marks":{"english":"70","science":"80","computers":"90","hardware":"80"}},{"firstname":"Stephan110","lastname":"Yu","email":"stephan@itlize.com","location":["Piscataway","Newyork","California"],"phone":"2021231234","address":{"communication":"Itlize, Piscataway, New Jersey","permanent":"Zhejiang, China"},"marks":{"english":"70","science":"80","computers":"90","hardware":"80"}},{"firstname":"Stephan111","lastname":"Yu","email":"stephan@itlize.com","location":["Piscataway","Newyork","California"],"phone":"2021231234","address":{"communication":"Itlize, Piscataway, New Jersey","permanent":"Zhejiang, China"},"marks":{"english":"70","science":"80","computers":"90","hardware":"80"}},{"firstname":"Stephan112","lastname":"Yu","email":"stephan@itlize.com","location":["Piscataway","Newyork","California"],"phone":"2021231234","address":{"communication":"Itlize, Piscataway, New Jersey","permanent":"Zhejiang, China"},"marks":{"english":"70","science":"80","computers":"90","hardware":"80"}},{"firstname":"Stephan113","lastname":"Yu","email":"stephan@itlize.com","location":["Piscataway","Newyork","California"],"phone":"2021231234","address":{"communication":"Itlize, Piscataway, New Jersey","permanent":"Zhejiang, China"},"marks":{"english":"70","science":"80","computers":"90","hardware":"80"}},{"firstname":"Stephan114","lastname":"Yu","email":"stephan@itlize.com","location":["Piscataway","Newyork","California"],"phone":"2021231234","address":{"communication":"Itlize, Piscataway, New Jersey","permanent":"Zhejiang, China"},"marks":{"english":"70","science":"80","computers":"90","hardware":"80"}},{"firstname":"Stephan115","lastname":"Yu","email":"stephan@itlize.com","location":["Piscataway","Newyork","California"],"phone":"2021231234","address":{"communication":"Itlize, Piscataway, New Jersey","permanent":"Zhejiang, China"},"marks":{"english":"70","science":"80","computers":"90","hardware":"80"}},{"firstname":"Stephan116","lastname":"Yu","email":"stephan@itlize.com","location":["Piscataway","Newyork","California"],"phone":"2021231234","address":{"communication":"Itlize, Piscataway, New Jersey","permanent":"Zhejiang, China"},"marks":{"english":"70","science":"80","computers":"90","hardware":"80"}},{"firstname":"Stephan117","lastname":"Yu","email":"stephan@itlize.com","location":["Piscataway","Newyork","California"],"phone":"2021231234","address":{"communication":"Itlize, Piscataway, New Jersey","permanent":"Zhejiang, China"},"marks":{"english":"70","science":"80","computers":"90","hardware":"80"}},{"firstname":"Stephan118","lastname":"Yu","email":"stephan@itlize.com","location":["Piscataway","Newyork","California"],"phone":"2021231234","address":{"communication":"Itlize, Piscataway, New Jersey","permanent":"Zhejiang, China"},"marks":{"english":"70","science":"80","computers":"90","hardware":"80"}},{"firstname":"Stephan119","lastname":"Yu","email":"stephan@itlize.com","location":["Piscataway","Newyork","California"],"phone":"2021231234","address":{"communication":"Itlize, Piscataway, New Jersey","permanent":"Zhejiang, China"},"marks":{"english":"70","science":"80","computers":"90","hardware":"80"}},{"firstname":"Stephan120","lastname":"Yu","email":"stephan@itlize.com","location":["Piscataway","Newyork","California"],"phone":"2021231234","address":{"communication":"Itlize, Piscataway, New Jersey","permanent":"Zhejiang, China"},"marks":{"english":"70","science":"80","computers":"90","hardware":"80"}},{"firstname":"Stephan121","lastname":"Yu","email":"stephan@itlize.com","location":["Piscataway","Newyork","California"],"phone":"2021231234","address":{"communication":"Itlize, Piscataway, New Jersey","permanent":"Zhejiang, China"},"marks":{"english":"70","science":"80","computers":"90","hardware":"80"}},{"firstname":"Stephan122","lastname":"Yu","email":"stephan@itlize.com","location":["Piscataway","Newyork","California"],"phone":"2021231234","address":{"communication":"Itlize, Piscataway, New Jersey","permanent":"Zhejiang, China"},"marks":{"english":"70","science":"80","computers":"90","hardware":"80"}},{"firstname":"Stephan123","lastname":"Yu","email":"stephan@itlize.com","location":["Piscataway","Newyork","California"],"phone":"2021231234","address":{"communication":"Itlize, Piscataway, New Jersey","permanent":"Zhejiang, China"},"marks":{"english":"70","science":"80","computers":"90","hardware":"80"}},{"firstname":"Stephan124","lastname":"Yu","email":"stephan@itlize.com","location":["Piscataway","Newyork","California"],"phone":"2021231234","address":{"communication":"Itlize, Piscataway, New Jersey","permanent":"Zhejiang, China"},"marks":{"english":"70","science":"80","computers":"90","hardware":"80"}},{"firstname":"Stephan125","lastname":"Yu","email":"stephan@itlize.com","location":["Piscataway","Newyork","California"],"phone":"2021231234","address":{"communication":"Itlize, Piscataway, New Jersey","permanent":"Zhejiang, China"},"marks":{"english":"70","science":"80","computers":"90","hardware":"80"}},{"firstname":"Stephan126","lastname":"Yu","email":"stephan@itlize.com","location":["Piscataway","Newyork","California"],"phone":"2021231234","address":{"communication":"Itlize, Piscataway, New Jersey","permanent":"Zhejiang, China"},"marks":{"english":"70","science":"80","computers":"90","hardware":"80"}},{"firstname":"Stephan127","lastname":"Yu","email":"stephan@itlize.com","location":["Piscataway","Newyork","California"],"phone":"2021231234","address":{"communication":"Itlize, Piscataway, New Jersey","permanent":"Zhejiang, China"},"marks":{"english":"70","science":"80","computers":"90","hardware":"80"}},{"firstname":"Stephan128","lastname":"Yu","email":"stephan@itlize.com","location":["Piscataway","Newyork","California"],"phone":"2021231234","address":{"communication":"Itlize, Piscataway, New Jersey","permanent":"Zhejiang, China"},"marks":{"english":"70","science":"80","computers":"90","hardware":"80"}},{"firstname":"Stephan129","lastname":"Yu","email":"stephan@itlize.com","location":["Piscataway","Newyork","California"],"phone":"2021231234","address":{"communication":"Itlize, Piscataway, New Jersey","permanent":"Zhejiang, China"},"marks":{"english":"70","science":"80","computers":"90","hardware":"80"}},{"firstname":"Stephan130","lastname":"Yu","email":"stephan@itlize.com","location":["Piscataway","Newyork","California"],"phone":"2021231234","address":{"communication":"Itlize, Piscataway, New Jersey","permanent":"Zhejiang, China"},"marks":{"english":"70","science":"80","computers":"90","hardware":"80"}},{"firstname":"Stephan131","lastname":"Yu","email":"stephan@itlize.com","location":["Piscataway","Newyork","California"],"phone":"2021231234","address":{"communication":"Itlize, Piscataway, New Jersey","permanent":"Zhejiang, China"},"marks":{"english":"70","science":"80","computers":"90","hardware":"80"}},{"firstname":"Stephan132","lastname":"Yu","email":"stephan@itlize.com","location":["Piscataway","Newyork","California"],"phone":"2021231234","address":{"communication":"Itlize, Piscataway, New Jersey","permanent":"Zhejiang, China"},"marks":{"english":"70","science":"80","computers":"90","hardware":"80"}},{"firstname":"Stephan133","lastname":"Yu","email":"stephan@itlize.com","location":["Piscataway","Newyork","California"],"phone":"2021231234","address":{"communication":"Itlize, Piscataway, New Jersey","permanent":"Zhejiang, China"},"marks":{"english":"70","science":"80","computers":"90","hardware":"80"}},{"firstname":"Stephan134","lastname":"Yu","email":"stephan@itlize.com","location":["Piscataway","Newyork","California"],"phone":"2021231234","address":{"communication":"Itlize, Piscataway, New Jersey","permanent":"Zhejiang, China"},"marks":{"english":"70","science":"80","computers":"90","hardware":"80"}},{"firstname":"Stephan135","lastname":"Yu","email":"stephan@itlize.com","location":["Piscataway","Newyork","California"],"phone":"2021231234","address":{"communication":"Itlize, Piscataway, New Jersey","permanent":"Zhejiang, China"},"marks":{"english":"70","science":"80","computers":"90","hardware":"80"}},{"firstname":"Stephan136","lastname":"Yu","email":"stephan@itlize.com","location":["Piscataway","Newyork","California"],"phone":"2021231234","address":{"communication":"Itlize, Piscataway, New Jersey","permanent":"Zhejiang, China"},"marks":{"english":"70","science":"80","computers":"90","hardware":"80"}},{"firstname":"Stephan137","lastname":"Yu","email":"stephan@itlize.com","location":["Piscataway","Newyork","California"],"phone":"2021231234","address":{"communication":"Itlize, Piscataway, New Jersey","permanent":"Zhejiang, China"},"marks":{"english":"70","science":"80","computers":"90","hardware":"80"}},{"firstname":"Stephan138","lastname":"Yu","email":"stephan@itlize.com","location":["Piscataway","Newyork","California"],"phone":"2021231234","address":{"communication":"Itlize, Piscataway, New Jersey","permanent":"Zhejiang, China"},"marks":{"english":"70","science":"80","computers":"90","hardware":"80"}},{"firstname":"Stephan139","lastname":"Yu","email":"stephan@itlize.com","location":["Piscataway","Newyork","California"],"phone":"2021231234","address":{"communication":"Itlize, Piscataway, New Jersey","permanent":"Zhejiang, China"},"marks":{"english":"70","science":"80","computers":"90","hardware":"80"}},{"firstname":"Stephan140","lastname":"Yu","email":"stephan@itlize.com","location":["Piscataway","Newyork","California"],"phone":"2021231234","address":{"communication":"Itlize, Piscataway, New Jersey","permanent":"Zhejiang, China"},"marks":{"english":"70","science":"80","computers":"90","hardware":"80"}},{"firstname":"Stephan141","lastname":"Yu","email":"stephan@itlize.com","location":["Piscataway","Newyork","California"],"phone":"2021231234","address":{"communication":"Itlize, Piscataway, New Jersey","permanent":"Zhejiang, China"},"marks":{"english":"70","science":"80","computers":"90","hardware":"80"}},{"firstname":"Stephan142","lastname":"Yu","email":"stephan@itlize.com","location":["Piscataway","Newyork","California"],"phone":"2021231234","address":{"communication":"Itlize, Piscataway, New Jersey","permanent":"Zhejiang, China"},"marks":{"english":"70","science":"80","computers":"90","hardware":"80"}},{"firstname":"Stephan143","lastname":"Yu","email":"stephan@itlize.com","location":["Piscataway","Newyork","California"],"phone":"2021231234","address":{"communication":"Itlize, Piscataway, New Jersey","permanent":"Zhejiang, China"},"marks":{"english":"70","science":"80","computers":"90","hardware":"80"}},{"firstname":"Stephan144","lastname":"Yu","email":"stephan@itlize.com","location":["Piscataway","Newyork","California"],"phone":"2021231234","address":{"communication":"Itlize, Piscataway, New Jersey","permanent":"Zhejiang, China"},"marks":{"english":"70","science":"80","computers":"90","hardware":"80"}},{"firstname":"Stephan145","lastname":"Yu","email":"stephan@itlize.com","location":["Piscataway","Newyork","California"],"phone":"2021231234","address":{"communication":"Itlize, Piscataway, New Jersey","permanent":"Zhejiang, China"},"marks":{"english":"70","science":"80","computers":"90","hardware":"80"}},{"firstname":"Stephan146","lastname":"Yu","email":"stephan@itlize.com","location":["Piscataway","Newyork","California"],"phone":"2021231234","address":{"communication":"Itlize, Piscataway, New Jersey","permanent":"Zhejiang, China"},"marks":{"english":"70","science":"80","computers":"90","hardware":"80"}},{"firstname":"Stephan147","lastname":"Yu","email":"stephan@itlize.com","location":["Piscataway","Newyork","California"],"phone":"2021231234","address":{"communication":"Itlize, Piscataway, New Jersey","permanent":"Zhejiang, China"},"marks":{"english":"70","science":"80","computers":"90","hardware":"80"}},{"firstname":"Stephan148","lastname":"Yu","email":"stephan@itlize.com","location":["Piscataway","Newyork","California"],"phone":"2021231234","address":{"communication":"Itlize, Piscataway, New Jersey","permanent":"Zhejiang, China"},"marks":{"english":"70","science":"80","computers":"90","hardware":"80"}},{"firstname":"Stephan149","lastname":"Yu","email":"stephan@itlize.com","location":["Piscataway","Newyork","California"],"phone":"2021231234","address":{"communication":"Itlize, Piscataway, New Jersey","permanent":"Zhejiang, China"},"marks":{"english":"70","science":"80","computers":"90","hardware":"80"}}]